Frequency,Total,Op Amp V,Op Amp I,Rf,Rin,Op Amp 2 V,Op Amp 2 I,Rfilter
10000,2.2664150057610553e-7,1.7074722139391633e-8,5.026105657390619e-10,2.245518732602676e-7,3.212831813909615e-11,1.6449967449351635e-8,3.0795013171710307e-12,1.725264404400307e-8
10500,2.2664494115638494e-7,1.713743494717396e-8,5.026076625890834e-10,2.245505762167702e-7,3.07102127173506e-11,1.6449964112920953e-8,3.079485756816344e-12,1.725255039859723e-8
11000,2.2664854943761111e-7,1.7202959750619907e-8,5.026046178166135e-10,2.2454921590043707e-7,2.942580948042132e-11,1.6449960613739707e-8,3.0794694376844218e-12,1.7252452186682468e-8
11500,2.2665232539133512e-7,1.727126432425027e-8,5.026014314208789e-10,2.2454779231092287e-7,2.825761624371044e-11,1.644995695180821e-8,3.0794523598130378e-12,1.7252349408481556e-8
12000,2.2665626898890203e-7,1.7342315592982513e-8,5.025981034010691e-10,2.2454630544786526e-7,2.7191054848238756e-11,1.644995312712678e-8,3.0794345232417175e-12,1.7252242064227606e-8
12500,2.2666038020123835e-7,1.7416079701260368e-8,5.025946337563375e-10,2.2454475531088612e-7,2.6213878459218712e-11,1.644994913969575e-8,3.0794159280117403e-12,1.7252130154164072e-8
13000,2.2666465899869528e-7,1.7492522081730073e-8,5.025910224858012e-10,2.245431418995911e-7,2.5315723333550367e-11,1.6449944989515473e-8,3.0793965741661446e-12,1.7252013678544772e-8
13500,2.2666910535093175e-7,1.7571607523201757e-8,5.025872695885422e-10,2.245414652135699e-7,2.4487760193563643e-11,1.6449940676586313e-8,3.0793764617497182e-12,1.725189263763385e-8
14000,2.2667371922682615e-7,1.7653300237652635e-8,5.025833750636056e-10,2.2453972525239605e-7,2.372242030512007e-11,1.6449936200908656e-8,3.0793555908090078e-12,1.7251767031705813e-8
14500,2.2667850059440924e-7,1.7737563926047462e-8,5.025793389100006e-10,2.2453792201562673e-7,2.3013178227696707e-11,1.6449931562482882e-8,3.079333961392308e-12,1.725163686104549e-8
15000,2.266834494208126e-7,1.7824361842771234e-8,5.025751611267003e-10,2.2453605550280334e-7,2.2354378012733463e-11,1.6449926761309406e-8,3.0793115735496695e-12,1.725150212594807e-8
15500,2.2668856567222878e-7,1.7913656858488833e-8,5.025708417126425e-10,2.245341257134511e-7,2.174109303912124e-11,1.644992179738866e-8,3.0792884273329e-12,1.7251362826719075e-8
16000,2.2669384931387914e-7,1.8005411521266428e-8,5.02566380666727e-10,2.245321326470786e-7,2.116901212751246e-11,1.6449916670721062e-8,3.0792645227955497e-12,1.7251218963674344e-8
16500,2.2669930030999004e-7,1.8099588115809244e-8,5.02561777987819e-10,2.245300763031788e-7,2.0634346358992753e-11,1.644991138130707e-8,3.079239859992933e-12,1.725107053714008e-8
17000,2.2670491862377305e-7,1.819614872068973e-8,5.025570336747472e-10,2.2452795668122856e-7,2.01337523353114e-11,1.6449905929147155e-8,3.079214438982105e-12,1.72509175474528e-8
17500,2.2671070421740862e-7,1.8295055263459408e-8,5.025521477263038e-10,2.245257737806881e-7,1.9664268592244583e-11,1.6449900314241792e-8,3.0791882598218825e-12,1.7250759994959363e-8
18000,2.2671665705203448e-7,1.83962695735562e-8,5.025471201412453e-10,2.2452352760100184e-7,1.922326260844448e-11,1.6449894536591465e-8,3.079161322572825e-12,1.7250597880016934e-8
18500,2.2672277708773493e-7,1.8499753432936622e-8,5.025419509182921e-10,2.2452121814159805e-7,1.8808386405151396e-11,1.6449888596196696e-8,3.0791336272972503e-12,1.7250431202993035e-8
19000,2.267290642835329e-7,1.860546862437931e-8,5.025366400561276e-10,2.2451884540188873e-7,1.8417539154187475e-11,1.6449882493058e-8,3.0791051740592196e-12,1.725025996426548e-8
19500,2.2673551859738325e-7,1.871337697742223e-8,5.025311875533998e-10,2.245164093812698e-7,1.8048835536298574e-11,1.6449876227175916e-8,3.0790759629245508e-12,1.7250084164222436e-8
20000,2.2674213998616728e-7,1.8823440411910915e-8,5.025255934087205e-10,2.2451391007912083e-7,1.7700578843511596e-11,1.6449869798550998e-8,3.079045993960805e-12,1.724990380326237e-8
21000,2.267558838106689e-7,1.9049880900655265e-8,5.025139801877716e-10,2.245087216276706e-7,1.7059427954596537e-11,1.6449856453074915e-8,3.078983782825089e-12,1.7249529400236598e-8
22000,2.267702953904722e-7,1.9284488759548088e-8,5.025018003814477e-10,2.245032800422516e-7,1.648349021999584e-11,1.6449842456634444e-8,3.0789185412275585e-12,1.72491367585822e-8
23000,2.2678537434162933e-7,1.952696648897646e-8,5.024890539773369e-10,2.2449758531731837e-7,1.5964015259831282e-11,1.6449827809234515e-8,3.078850269771668e-12,1.724872588185814e-8
24000,2.2680112026275466e-7,1.9777021400045643e-8,5.024757409624456e-10,2.2449163744706582e-7,1.5493714791401715e-11,1.6449812510880264e-8,3.0787789690888197e-12,1.7248296773788213e-8
25000,2.2681753273499064e-7,2.003436645218283e-8,5.024618613231993e-10,2.2448543642542924e-7,1.5066470842310855e-11,1.644979656157708e-8,3.0787046398383455e-12,1.7247849438260956e-8
26000,2.26834611321989e-7,2.0298720956835227e-8,5.024474150454425e-10,2.2447898224608432e-7,1.4677111202470867e-11,1.6449779961330565e-8,3.0786272827075016e-12,1.7247383879329568e-8
27000,2.2685235556990154e-7,2.0569811156215303e-8,5.024324021144367e-10,2.244722749024464e-7,1.4321234688847346e-11,1.644976271014656e-8,3.0785468984114326e-12,1.7246900101211765e-8
28000,2.2687076500738019e-7,2.084737068682327e-8,5.024168225148614e-10,2.2446531438767064e-7,1.3995073776233584e-11,1.644974480803113e-8,3.078463487693173e-12,1.7246398108289737e-8
29000,2.268898391455827e-7,2.1131140937893438e-8,5.024006762308131e-10,2.244581006946518e-7,1.3695385581194287e-11,1.6449726254990564e-8,3.078377051323615e-12,1.7245877905109965e-8
30000,2.2690957747818248e-7,2.1420871315027166e-8,5.023839632458034e-10,2.2445063381602352e-7,1.3419364589826621e-11,1.644970705103138e-8,3.0782875901014883e-12,1.7245339496383143e-8
31000,2.269299794813834e-7,2.171631941914675e-8,5.023666835427613e-10,2.2444291374415875e-7,1.316457222555418e-11,1.6449687196160338e-8,3.0781951048533538e-12,1.7244782886984077e-8
32000,2.2695104461393602e-7,2.2017251150584765e-8,5.023488371040298e-10,2.2443494047116904e-7,1.2928879578933253e-11,1.6449666690384422e-8,3.0780995964335645e-12,1.7244208081951532e-8
33500,2.269838844534189e-7,2.2478438971769916e-8,5.023210047764501e-10,2.2442250579167506e-7,1.2607132603347638e-11,1.644963471128973e-8,3.0779506672942914e-12,1.7243311769015397e-8
35000,2.270182131138394e-7,2.295073202447644e-8,5.022918971883463e-10,2.2440950136263926e-7,1.231882713064628e-11,1.6449601267700627e-8,3.077794941104384e-12,1.7242374545897435e-8
37000,2.2706629705415963e-7,2.3596552071192767e-8,5.022511032160281e-10,2.2439127579492105e-7,1.1978804733979807e-11,1.6449554398191967e-8,3.0775767386055164e-12,1.724106131010456e-8
38500,2.2710409151806206e-7,2.409216158302676e-8,5.022190197542821e-10,2.2437694183155686e-7,1.175234453226461e-11,1.644951753755413e-8,3.0774051654520735e-12,1.7240028705512664e-8
40000,2.271433676387725e-7,2.459674669592004e-8,5.021856607970475e-10,2.243620380136755e-7,1.1546986360679779e-11,1.6449479212514556e-8,3.0772268065747518e-12,1.7238955257541733e-8
41500,2.271841230776217e-7,2.510975138409627e-8,5.021510262673664e-10,2.243465643068943e-7,1.1360186609536368e-11,1.6449439423103576e-8,3.077041665674585e-12,1.7237840988019795e-8
43000,2.2722635540892587e-7,2.563065490579173e-8,5.021151160852849e-10,2.2433052067549224e-7,1.1189771979010129e-11,1.644939816935266e-8,3.0768497465920793e-12,1.723668591959755e-8
45000,2.272849582172945e-7,2.6336642365841568e-8,5.020652513505186e-10,2.243082425532945e-7,1.0984852712306655e-11,1.6449340886545866e-8,3.076583317541514e-12,1.723508240409906e-8
47000,2.2734617594118352e-7,2.705474098653753e-8,5.020131184364856e-10,2.2428495107416015e-7,1.0802040460394241e-11,1.6449281000606764e-8,3.0763048552980693e-12,1.723340645694972e-8
48500,2.2739380139244876e-7,2.760067221904816e-8,5.019725301296494e-10,2.2426681739183464e-7,1.0677560346011183e-11,1.644923437789738e-8,3.0760881179860123e-12,1.7232101999608765e-8
50000,2.274428912734208e-7,2.8152484499090204e-8,5.019306657575101e-10,2.2424811360041525e-7,1.0562659392913567e-11,1.6449186291010226e-8,3.0758646222515418e-12,1.7230756859909518e-8
52000,2.275106174014474e-7,2.889677148435755e-8,5.018728614360183e-10,2.242222883003553e-7,1.0422700259319288e-11,1.6449119897616735e-8,3.0755561228536833e-12,1.7228900103921893e-8
54000,2.275809346282539e-7,2.9650105530341822e-8,5.018127881426824e-10,2.2419544928925804e-7,1.0296080290662066e-11,1.6449050901401656e-8,3.0752356280711278e-12,1.7226971139274097e-8
56000,2.2765383554400134e-7,3.041177491343991e-8,5.017504456294412e-10,2.2416759645629682e-7,1.0181124873508181e-11,1.6448979302461993e-8,3.074903149686142e-12,1.7224970035458113e-8
58000,2.2772931247239266e-7,3.118112892840695e-8,5.016858336385758e-10,2.2413872968633038e-7,1.0076410168668905e-11,1.6448905100898413e-8,3.0745586999143826e-12,1.7222896864522472e-8
60000,2.278073574720872e-7,3.1957572254954485e-8,5.016189519026801e-10,2.2410884885988928e-7,9.980719557051409e-12,1.6448828296815226e-8,3.074202291403661e-12,1.7220751701064993e-8
62500,2.2790851254731135e-7,3.293726973898937e-8,5.015321574807548e-10,2.2407007162088874e-7,9.872219429414614e-12,1.644872863208291e-8,3.073739983754087e-12,1.7217969125018184e-8
65000,2.280136507938798e-7,3.39262301065711e-8,5.014418155858159e-10,2.2402970947348234e-7,9.774468185432094e-12,1.644862490130164e-8,3.073259037529611e-12,1.7215074337601613e-8
67500,2.2812275497601718e-7,3.4923585921274696e-8,5.013479256312846e-10,2.2398776215560344e-7,9.686019651947174e-12,1.644851710469926e-8,3.072759480262598e-12,1.7212067501206822e-8
70000,2.2823580722774667e-7,3.592855670946342e-8,5.012504870065899e-10,2.2394422939446676e-7,9.60565769086786e-12,1.644840524251254e-8,3.0722413405256326e-12,1.7208948784362206e-8
72500,2.2835278905794326e-7,3.694043892416764e-8,5.011494990770752e-10,2.2389911090652596e-7,9.53235394189587e-12,1.6448289314987187e-8,3.0717046479270512e-12,1.7205718361706813e-8
75000,2.2847368135553678e-7,3.7958597118018176e-8,5.010449611838962e-10,2.2385240639742863e-7,9.465234318724808e-12,1.6448169322377812e-8,3.071149433106288e-12,1.7202376413963032e-8
80000,2.287271178411669e-7,4.001149456648319e-8,5.008252327496602e-10,2.2375423808406717e-7,9.346667153979158e-12,1.644791714297004e-8,3.069983564482542e-12,1.7195358696347302e-8
82500,2.2885962075622207e-7,4.104523824031206e-8,5.007100407691123e-10,2.2370277363668025e-7,9.294027028298368e-12,1.644778495672546e-8,3.069372977070024e-12,1.7191683318079626e-8
85000,2.289959516041151e-7,4.20832555005469e-8,5.005912959457252e-10,2.236497218818045e-7,9.245154256423962e-12,1.644764870650449e-8,3.068744000205897e-12,1.71878971978714e-8
87500,2.2913608825713863e-7,4.312515232601618e-8,5.004689974982728e-10,2.2359508247041075e-7,9.199633995616686e-12,1.644750839260632e-8,3.0680966696101387e-12,1.7184000546422443e-8
90000,2.2928000800181935e-7,4.417056832350626e-8,5.003431446207683e-10,2.2353885504240737e-7,9.157104611524052e-12,1.6447364015339047e-8,3.06743102200279e-12,1.7179993580333966e-8
92500,2.2942768754506582e-7,4.521917315291215e-8,5.002137364823723e-10,2.2348103922659942e-7,9.117249763139921e-12,1.6447215575019676e-8,3.066747095098261e-12,1.7175876522075233e-8
97500,2.2973422999450815e-7,4.732475967396274e-8,4.999442509747643e-10,2.233606408910392e-7,9.044486370429389e-12,1.6446906506537215e-8,3.065324559192014e-12,1.7167313048058123e-8
100000,2.2989304347338133e-7,4.838120439026092e-8,4.998041718188336e-10,2.2329805757303305e-7,9.01111759692602e-12,1.644674587905266e-8,3.0645860305377505e-12,1.7162867106266375e-8
105000,2.3022162720711015e-7,5.0500203944938624e-8,4.995133360471526e-10,2.2316812055659553e-7,8.949447118434338e-12,1.6446412439359993e-8,3.0630546599812268e-12,1.715364804103409e-8
110000,2.3056464331350505e-7,5.262595724370903e-8,4.99208257159947e-10,2.2303182012782637e-7,8.893492424420594e-12,1.644606275582384e-8,3.0614511605132486e-12,1.7143994437015306e-8
115000,2.3092187234833486e-7,5.4756989939703287e-8,4.988889269986622e-10,2.2288915264171896e-7,8.842228516982284e-12,1.6445696831514205e-8,3.0597758919258397e-12,1.7133908416749865e-8
120000,2.3129308655516752e-7,5.689201676921813e-8,4.985553369967469e-10,2.227401142709859e-7,8.794832132311399e-12,1.6445314669643294e-8,3.058029229000427e-12,1.7123392191268774e-8
125000,2.3167805009416025e-7,5.902990855065955e-8,4.982074781783255e-10,2.2258470100546535e-7,8.750636463391136e-12,1.6444916273565476e-8,3.0562115612804507e-12,1.7112448058760838e-8
130000,2.3207651927514062e-7,6.116966569320958e-8,4.978453411573607e-10,2.2242290865174724e-7,8.709097271624959e-12,1.6444501646777146e-8,3.05432329283612e-12,1.7101078403193235e-8
135000,2.3248824279440223e-7,6.331039680120203e-8,4.974689161373723e-10,2.2225473283304717e-7,8.669767237743581e-12,1.6444070792916678e-8,3.0523648420216205e-12,1.708928569288776e-8
140000,2.329129619746503e-7,6.545130129114104e-8,4.970781929117878e-10,2.2208016898936383e-7,8.632276346654403e-12,1.644362371576433e-8,3.050336641225023e-12,1.7077072479054304e-8
145000,2.3335041100753387e-7,6.759165518730345e-8,4.966731608649827e-10,2.218992123779428e-7,8.596316741544967e-12,1.644316041924214e-8,3.048239136611201e-12,1.7064441394283158e-8
150000,2.3380031719823017e-7,6.973079945002652e-8,4.96253808974091e-10,2.2171185807408638e-7,8.561630923386505e-12,1.6442680907413847e-8,3.0460727878580316e-12,1.7051395150998037e-8
155000,2.3426240121154792e-7,7.18681303336428e-8,4.958201258116555e-10,2.2151810097233668e-7,8.528002479344304e-12,1.644218518448477e-8,3.0438380678861847e-12,1.7037936539871354e-8
160000,2.3473637731904487e-7,7.400309138005849e-8,4.953720995491862e-10,2.2131793578806664e-7,8.49524874054402e-12,1.6441673254801736e-8,3.041535462582807e-12,1.7024068428203655e-8
165000,2.352219536466671e-7,7.613516673763288e-8,4.949097179617087e-10,2.2111135705951073e-7,8.463214924529074e-12,1.6441145122852935e-8,3.0391654705193857e-12,1.7009793758268905e-8
170000,2.357188324224459e-7,7.826387555956046e-8,4.944329684333712e-10,2.2089835915027114e-7,8.431769429516653e-12,1.6440600793267845e-8,3.0367286026641328e-12,1.6995115545627517e-8
175000,2.3622671022380338e-7,8.038876728602412e-8,4.939418379641887e-10,2.2067893625233034e-7,8.400800029035407e-12,1.64400402708171e-8,3.034225382089167e-12,1.6980036877408868e-8
180000,2.367452782240471e-7,8.250941765343746e-8,4.934363131779983e-10,2.204530823896054e-7,8.370210775483085e-12,1.6439463560412385e-8,3.031656343672841e-12,1.696456091056521e-8
185000,2.3727422243765747e-7,8.462542530471254e-8,4.929163803317022e-10,2.2022079142207737e-7,8.339919465656701e-12,1.643887066710631e-8,3.0290220337974975e-12,1.6948690870098778e-8
190000,2.3781322396399608e-7,8.673640889862277e-8,4.923820253258737e-10,2.1998205705053e-7,8.30985555463707e-12,1.643826159609228e-8,3.0263230100430063e-12,1.6932430047263986e-8
195000,2.3836195922909127e-7,8.884200463545175e-8,4.918332337168024e-10,2.1973687282193088e-7,8.279958429563727e-12,1.643763635270438e-8,3.0235598408763756e-12,1.691578179774661e-8
200000,2.3892010022518346e-7,9.094186413134293e-8,4.912699907300531e-10,2.1948523213548954e-7,8.250175973963828e-12,1.6436994942417253e-8,3.0207331053377726e-12,1.6898749539821748e-8
210000,2.400632666296706e-7,9.512304719774075e-8,4.90100089964697e-10,2.189625542884709e-7,8.190782080884895e-12,1.643566364374576e-8,3.0148913022645764e-12,1.686354697361114e-8
220000,2.412400193744515e-7,9.92774156115314e-8,4.888721988375285e-10,2.1841396802395425e-7,8.131385820594025e-12,1.643426774668065e-8,3.00880243248065e-12,1.6826850875467967e-8
230000,2.4244759857461294e-7,1.0340257896170298e-7,4.875861890132084e-10,2.178394160054198e-7,8.071775530021965e-12,1.6432807300064628e-8,3.0024714762295437e-12,1.6788690652882377e-8
240000,2.4368319538886893e-7,1.074962672950104e-7,4.862419287566274e-10,2.1723883937742796e-7,8.011797529809087e-12,1.6431282354975538e-8,2.9959035518490688e-12,1.6749096532429298e-8
250000,2.449439589091583e-7,1.1155630684096598e-7,4.848392838046304e-10,2.1661217815508212e-7,7.951342630402085e-12,1.6429692964721363e-8,2.9891039051903795e-12,1.6708099497670663e-8
260000,2.462270028024049e-7,1.1558060121827076e-7,4.83378118374138e-10,2.1595937167442696e-7,7.890336096453004e-12,1.6428039184835082e-8,2.9820778989871506e-12,1.6665731226757442e-8
270000,2.475294116985377e-7,1.1956711679003692e-7,4.818582963139193e-10,2.1528035910702787e-7,7.828730082099522e-12,1.6426321073069265e-8,2.9748310022127174e-12,1.662202402995324e-8
280000,2.488482473243626e-7,1.2351387120235753e-7,4.802796824064425e-10,2.1457508004159996e-7,7.76649785667e-12,1.6424538689390495e-8,2.9673687794618173e-12,1.6577010787294036e-8
290000,2.5018055438781745e-7,1.2741892439935388e-7,4.78642143825274e-10,2.13843475135132e-7,7.703629344969001e-12,1.6422692095973527e-8,2.9596968803921737e-12,1.6530724886590487e-8
300000,2.5152336622148403e-7,1.3128037159214214e-7,4.769455517524148e-10,2.130854868354653e-7,7.640127644834115e-12,1.6420781357195314e-8,2.9518210292596316e-12,1.6483200161970167e-8
310000,2.528737101979284e-7,1.3509633779201944e-7,4.751897831587396e-10,2.123010601767428e-7,7.576006279818276e-12,1.6418806539628757e-8,2.943747014578783e-12,1.643447083314712e-8
320000,2.542286129325081e-7,1.3886497361492112e-7,4.733747227493664e-10,2.1149014364854376e-7,7.51128701110125e-12,1.6416767712036293e-8,2.935480678939309e-12,1.6384571445595565e-8
335000,2.56263022081491e-7,1.4442519206032395e-7,4.705407325574624e-10,2.102239987447702e-7,7.413150230927779e-12,1.6413589607637096e-8,2.9227334604004884e-12,1.6307604715270913e-8
350000,2.582910324538087e-7,1.4986872901381725e-7,4.67572799161074e-10,2.088980118887423e-7,7.31384830678654e-12,1.6410267889429843e-8,2.9095867747941492e-12,1.6228202046540423e-8
370000,2.609680036497229e-7,1.5693493406470593e-7,4.634068291443976e-10,2.0703677689895407e-7,7.179864503666731e-12,1.640561598278407e-8,2.891471220807607e-12,1.611874822623879e-8
385000,2.6294280113055313e-7,1.6208307550989583e-7,4.601256761805888e-10,2.055708525935362e-7,7.078378696309159e-12,1.640196019399311e-8,2.8774706740710465e-12,1.603412464977166e-8
400000,2.6487871608561224e-7,1.6709492181761547e-7,4.567102710148006e-10,2.040449482847145e-7,6.9762052191481656e-12,1.6398161698956878e-8,2.8631376875032705e-12,1.5947461891180025e-8
415000,2.667663625449635e-7,1.7196479880259956e-7,4.5316081635273713e-10,2.0245915453553862e-7,6.87349698791844e-12,1.6394220793373465e-8,2.8484922250752704e-12,1.5858878214998208e-8
430000,2.685965771603462e-7,1.7668714814326324e-7,4.49477694549794e-10,2.0081364217134766e-7,6.770405974092025e-12,1.6390137783643695e-8,2.8335540790381234e-12,1.5768490914731192e-8
450000,2.709321671160136e-7,1.8274477083266973e-7,4.4435998759884265e-10,1.9852719862843616e-7,6.63261291448969e-12,1.6384473269266614e-8,2.8132150474535333e-12,1.5645369168199082e-8
470000,2.7312953859822086e-7,1.8851806890989397e-7,4.3900776763182203e-10,1.9613598144833524e-7,6.494744654837809e-12,1.6378557470829714e-8,2.7924360504799533e-12,1.551951756188998e-8
485000,2.7467522420790933e-7,1.92654306946694e-7,4.348414057894799e-10,1.9427457140216496e-7,6.3914889549544904e-12,1.637395620515278e-8,2.7765899239914386e-12,1.5423496740747552e-8
500000,2.7612459229996136e-7,1.9661919613629924e-7,4.305462983641032e-10,1.923556415507715e-7,6.288501258968534e-12,1.6369214404724804e-8,2.7605397638204623e-12,1.5326198315392656e-8
520000,2.7789469893103776e-7,2.0163144941201734e-7,4.246225284221697e-10,1.897090723620238e-7,6.1518097057375425e-12,1.6362674028168204e-8,2.738853110286316e-12,1.5194663594633527e-8
540000,2.7946455589694266e-7,2.0632127704681833e-7,4.1847870967908854e-10,1.8696419172923852e-7,6.016076000438293e-12,1.6355885358637466e-8,2.7168768549786242e-12,1.506129227825245e-8
560000,2.808195779307054e-7,2.1067984979383384e-7,4.121214511393983e-10,1.8412395236461597e-7,5.881542820644379e-12,1.6348849323301307e-8,2.694650763284419e-12,1.4926321017582406e-8
580000,2.8194680709151145e-7,2.1469949701653354e-7,4.0555859568463784e-10,1.811918582409363e-7,5.748428811729782e-12,1.634156688095875e-8,2.672213000238955e-12,1.4789977141717069e-8
600000,2.8283502643350333e-7,2.1837383776656703e-7,3.987992617348943e-10,1.781719832047346e-7,5.616929030673969e-12,1.6334039021681167e-8,2.6496000650806068e-12,1.4652478265838079e-8
625000,2.835950919438158e-7,2.2247375087407673e-7,3.900897804177737e-10,1.7428083869206612e-7,5.455084605381961e-12,1.6324285638323456e-8,2.6211403892348777e-12,1.4479295774839434e-8
650000,2.839531297545944e-7,2.2602013776829626e-7,3.811128108172936e-10,1.7027018814590388e-7,5.2963186793277385e-12,1.631415244957348e-8,2.5925253390020725e-12,1.4305015343228194e-8
675000,2.8389994645583847e-7,2.29010650870297e-7,3.7189450441580587e-10,1.6615171529267732e-7,5.140870321702506e-12,1.6303641589824656e-8,2.5638147261139623e-12,1.412999495124641e-8
700000,2.8343130727572195e-7,2.314471161985214e-7,3.6246378382980704e-10,1.6193834192145448e-7,4.9889328436536376e-12,1.6292755265580315e-8,2.535064077007515e-12,1.3954567499012174e-8
725000,2.825479166340263e-7,2.3333562144969664e-7,3.528520050556999e-10,1.576440769851109e-7,4.840657885561819e-12,1.6281495754194094e-8,2.5063246858810646e-12,1.3779041096125553e-8
750000,2.8125528782352495e-7,2.3468649476894853e-7,3.4309252610343426e-10,1.5328382387830864e-7,4.696159519741627e-12,1.6269865402577034e-8,2.4776437045494187e-12,1.3603699568138067e-8
800000,2.7748686431156337e-7,2.3583694877020872e-7,3.232708056704209e-10,1.4442805211806022e-7,4.418784917792387e-12,1.624550190610029e-8,2.4206256117075576e-12,1.3254589273819045e-8
825000,2.7504346608361e-7,2.3567664806024868e-7,3.132804655477257e-10,1.399646569131471e-7,4.285984210120448e-12,1.6232773790772213e-8,2.392363288959233e-12,1.3081273590988791e-8
850000,2.722546764645389e-7,2.350581833654616e-7,3.032850354995964e-10,1.3549898767666965e-7,4.157118161666172e-12,1.621968489147897e-8,2.364309293708495e-12,1.2909050912919689e-8
875000,2.691445784678479e-7,2.3400907170903578e-7,2.9331953253051564e-10,1.3104668899409563e-7,4.032169210412381e-12,1.620623788245154e-8,2.3364922741854028e-12,1.2738096331911752e-8
900000,2.657393757818506e-7,2.3255889732247977e-7,2.834175987537265e-10,1.2662279118922636e-7,3.91110305534392e-12,1.619243549909748e-8,2.3089377197529764e-12,1.256856632786207e-8
925000,2.6206679207935124e-7,2.307387556587092e-7,2.736110284640696e-10,1.22241499034011e-7,3.793871233852593e-12,1.617828053651403e-8,2.2816681556942504e-12,1.2400599899240714e-8
975000,2.540344902277821e-7,2.261172008542217e-7,2.543996186504984e-10,1.1365839641804293e-7,3.5706595907518956e-12,1.614892434342429e-8,2.2280604444609187e-12,1.2069833128157396e-8
1000000,2.497327210937519e-7,2.233806633969763e-7,2.4504598123097723e-10,1.094794615775819e-7,3.4645316709273473e-12,1.6133728987883578e-8,2.2017542645686337e-12,1.1907233478274454e-8
1050000,2.406992706325226e-7,2.1721509006003813e-7,2.269492359801914e-10,1.0139435886987731e-7,3.2628113945690184e-12,1.6102318850105063e-8,2.150200338682438e-12,1.1588003670922304e-8
1100000,2.312686601988448e-7,2.1032628675031e-7,2.097739033655023e-10,9.372091669536701e-8,3.074526525279722e-12,1.606957019717837e-8,2.1001188227222223e-12,1.1277133032298812e-8
1150000,2.2163091339385966e-7,2.0293328377348164e-7,1.9360907727588042e-10,8.649893962846322e-8,2.898908612218262e-12,1.6035508571675103e-8,2.0515596262799905e-12,1.0974961589462358e-8
1200000,2.119478157650896e-7,1.9522650451751173e-7,1.7850281945936372e-10,7.97499002690072e-8,2.735174688420338e-12,1.600016024429114e-8,2.004549986469567e-12,1.0681694004425172e-8
1250000,2.0235158236373758e-7,1.8736583899615144e-7,1.6446867441851492e-10,7.347984990925215e-8,2.582547509747841e-12,1.59635521614137e-8,1.959098588852631e-12,1.0397423703982166e-8
1300000,1.929459947723916e-7,1.7948128201270778e-7,1.5149284609112024e-10,6.768262486736388e-8,2.440269820168695e-12,1.592571189235603e-8,1.915199143017523e-12,1.012215384659177e-8
1350000,1.8380909082519886e-7,1.716752622959705e-7,1.3954115475729615e-10,6.234295463243287e-8,2.3076140067563414e-12,1.5886667576442785e-8,1.8728334467500483e-12,9.85581531803604e-9
1400000,1.7499664316905022e-7,1.640259046251737e-7,1.285652349585885e-10,5.7439230915582413e-8,2.1838882526061376e-12,1.5846447870123997e-8,1.831973983795927e-12,9.59828201342153e-9
1450000,1.6654586494391472e-7,1.5659064685307024e-7,1.1850772001949263e-10,5.2945823944329825e-8,2.0684400716367148e-12,1.580508189428912e-8,1.7925861051338429e-12,9.349383692896265e-9
1500000,1.5847897508121269e-7,1.494098178748569e-7,1.093063612934561e-10,4.883492282263733e-8,1.960657919635629e-12,1.576259918194598e-8,1.7546298444268392e-12,9.108916703755669e-9
1550000,1.5080641409200088e-7,1.4250993908143773e-7,1.0089715444631142e-10,4.5077932263987294e-8,1.8599714198396913e-12,1.571902962642164e-8,1.7180614163921003e-12,8.876652851123712e-9
1600000,1.4352961628976637e-7,1.3590662965822507e-7,9.321660784524309e-11,4.164648604200703e-8,1.7658506154243552e-12,1.5674403430234267e-8,1.682834443316755e-12,8.652346679514177e-9
1650000,1.3664332004630076e-7,1.2960707651198188e-7,8.620330888942444e-11,3.8513146781723804e-8,1.6778045612532128e-12,1.56287510547762e-8,1.648900950619822e-12,8.435741402812246e-9
1700000,1.3013744234736645e-7,1.2361207942554663e-7,7.979893963107526e-11,3.565185970969796e-8,1.595379488774357e-12,1.5582103170939448e-8,1.6162121677399905e-12,8.226573693636026e-9
1750000,1.239985665797058e-7,1.1791770936651521e-7,7.394887559410173e-11,3.303822018888271e-8,1.5181567170443332e-12,1.5534490610805562e-8,1.5847191660539739e-12,8.024577516633896e-9
1800000,1.1821110080124551e-7,1.1251663001349142e-7,6.860247935183445e-11,3.064960488067198e-8,1.4457504360198086e-12,1.548594432051199e-8,1.554373361206523e-12,7.829487165264663e-9
1850000,1.1275816349828363e-7,1.0739913523119217e-7,6.371317789397643e-11,2.84652063102166e-8,1.37780545254003e-12,1.5436495314397364e-8,1.5251269032742345e-12,7.641039638669425e-9
1900000,1.0762224901302587e-7,1.0255395251137718e-7,5.923839250644589e-11,2.6466001538764733e-8,1.3139949624126044e-12,1.53861746305183e-8,1.4969329746417295e-12,7.45897647468432e-9
1950000,1.0278571800320452e-7,9.796885701986419e-8,5.513937276710846e-11,2.4634677997753263e-8,1.2540183917611884e-12,1.533501328762029e-8,1.4697460123505307e-12,7.283045136930137e-9
2000000,9.823115101090612e-8,9.363113454345203e-8,5.1380972458400496e-11,2.2955533373044974e-8,1.1975993357442174e-12,1.528304224363556e-8,1.4435218689727412e-12,7.113000038167017e-9
2100000,8.990073708648833e-8,8.564647469527482e-8,4.476192324745071e-11,1.9998333503330497e-8,1.094437435630691e-12,1.517679434224006e-8,1.3937931536234777e-12,6.789625085885096e-9
2200000,8.250360491454862e-8,7.849937512020643e-8,3.9162256224055085e-11,1.7496564130678587e-8,1.0027105304868394e-12,1.5067675898303602e-8,1.3474252452223121e-12,6.487047996077649e-9
2300000,7.592491836659342e-8,7.209542271105509e-8,3.440400218811321e-11,1.5370713760526015e-8,9.208949627376563e-13,1.4955928530886802e-8,1.304122813041665e-12,6.2036020232401995e-9
2400000,7.006303915716812e-8,6.634864523956752e-8,3.034270185424122e-11,1.3556242159630608e-8,8.476975762807543e-13,1.4841789475221208e-8,1.2636164062686331e-12,5.937757091346396e-9
2500000,6.482898430363958e-8,6.118217002391942e-8,2.6860996089137488e-11,1.200071665939468e-8,7.820181928448453e-13,1.4725490665247819e-8,1.2256612972535721e-12,5.688114798260771e-9
2600000,6.014533876018115e-8,5.6528022932912535e-8,2.3863331607980767e-11,1.0661446814042927e-8,7.22918252331668e-13,1.4607257929558966e-8,1.1900358942772007e-12,5.4534007203735425e-9
2700000,5.594497325371207e-8,5.232650083930227e-8,2.1271669223849128e-11,9.503566970512012e-9,6.695947143868637e-13,1.4487310298996156e-8,1.1565399538260545e-12,5.232455382048732e-9
2800000,5.216975335964547e-8,4.8525365482098285e-8,1.902204136413236e-11,8.498498266285552e-9,6.213583835201508e-13,1.4365859422699544e-8,1.1249927386804538e-12,5.024224762856958e-9
2900000,4.876933172579911e-8,4.5078996109820126e-8,1.706180595621774e-11,7.622721744892533e-9,5.776159185727269e-13,1.4243109088187564e-8,1.0952312119695976e-12,4.82775088501511e-9
3000000,4.5700062633321835e-8,4.194757322596011e-8,1.5347460728417116e-11,6.856801848737209e-9,5.378548932520299e-13,1.4119254840064477e-8,1.0671083200568522e-12,4.642162803392803e-9
3100000,4.292404951075852e-8,3.909632813423857e-8,1.384290371573498e-11,6.184609263354818e-9,5.016313750763296e-13,1.3994483691197662e-8,1.0404913926525595e-12,4.466668175654128e-9
3200000,4.040832131133937e-8,3.649487170490655e-8,1.251804700112203e-11,5.592701577072251e-9,4.685595798964015e-13,1.3868973919660495e-8,1.0152606727553208e-12,4.3005454962794514e-9
3350000,3.706087381063662e-8,3.300376211563054e-8,1.0813735726551355e-11,4.8312645611975625e-9,4.2413751028950615e-13,1.3679692511970012e-8,9.797799506141734e-13,4.067510904955329e-9
3500000,3.41529148304815e-8,2.993917270240855e-8,9.389251154180699e-12,4.194846027723581e-9,3.85097196169033e-13,1.3489662509466268e-8,9.468546937515354e-13,3.852112706215179e-9
3700000,3.0844106476651475e-8,2.6409195767754526e-8,7.834568158853543e-12,3.500258602142398e-9,3.400662938826043e-13,1.3235964092673667e-8,9.064546518147917e-13,3.589380843424616e-9
3850000,2.8718504044894895e-8,2.411308204534152e-8,6.874722454673216e-12,3.071427285002099e-9,3.1073516011207516e-13,1.3046014360974313e-8,8.78475602987488e-13,3.4087469027793315e-9
4000000,2.6848662750245162e-8,2.2071891607221448e-8,6.056812506864957e-12,2.70600876128188e-9,2.8463109260509756e-13,1.2856778068010584e-8,8.522625084448416e-13,3.2407371989493893e-9
4150000,2.5197986599520616e-8,2.0251281197096196e-8,5.356365660912448e-12,2.3930693563041892e-9,2.61322896993412e-13,1.2668603323629518e-8,8.276424690792893e-13,3.084213008368112e-9
4300000,2.3735710093815462e-8,1.8622319917624953e-8,4.753705280312676e-12,2.123818117615184e-9,2.4044702112407586e-13,1.2481799807903106e-8,8.044645049425208e-13,2.938163499835077e-9
4500000,2.2034765139314116e-8,1.6706711290781047e-8,4.075179062879624e-12,1.8206722158636919e-9,2.1587047521622065e-13,1.2235329226639093e-8,7.755775054095602e-13,2.7581829553527178e-9
4700000,2.0572108462865867e-8,1.5040511601201356e-8,3.5126440743153584e-12,1.5693478425473352e-9,1.9446859716753088e-13,1.1992334341941895e-8,7.487505206889769e-13,2.5933608066309557e-9
4850000,1.96064741584206e-8,1.3930728230407719e-8,3.152842303001356e-12,1.4085988108748355e-9,1.8020013262575295e-13,1.1812648407810681e-8,7.298430813304645e-13,2.4787087458495448e-9
5000000,1.873723184490229e-8,1.2925306823304424e-8,2.837538277984874e-12,1.2677300860802367e-9,1.67263704673846e-13,1.1635338316492982e-8,7.11881101112764e-13,2.371063778768211e-9
5200000,1.7707148072970302e-8,1.172675251399221e-8,2.475404258219416e-12,1.1059390732111964e-9,1.5182979684120647e-13,1.140285191428562e-8,6.892748056031765e-13,2.2375031931800786e-9
5400000,1.680221978950427e-8,1.0668841613690761e-8,2.1686825202312297e-12,9.68904666197457e-10,1.381953006937885e-13,1.1175087216152867e-8,6.680625953603944e-13,2.1142870332761294e-9
5600000,1.6002380613815543e-8,9.731708366436533e-9,1.907542417727825e-12,8.52234816421634e-10,1.2610796700380324e-13,1.095223977780877e-8,6.481104392864928e-13,2.000405075592462e-9
5800000,1.5291146799280096e-8,8.898757048428943e-9,1.6841280423210137e-12,7.524197310839377e-10,1.153567323606376e-13,1.0734449682339512e-8,6.293018784611233e-13,1.8949667452604064e-9
6000000,1.4654936807978239e-8,8.156049073309515e-9,1.4921169947268623e-12,6.666347449276428e-10,1.0576406058841652e-13,1.052180909116097e-8,6.115351921448997e-13,1.7971842383357788e-9
6250000,1.3948267692861523e-8,7.336818943445228e-9,1.288554202887035e-12,5.75688773335286e-10,9.51760348111824e-14,1.0263324248737187e-8,5.906569618621674e-13,1.684664511986775e-9
6500000,1.3323634165966378e-8,6.621199903138832e-9,1.1181467145039233e-12,4.995556330027943e-10,8.59209415720126e-14,1.0012987250727039e-8,5.71116209267842e-13,1.5818209079187335e-9
6750000,1.2766903604029854e-8,5.993508148882193e-9,9.746602585025977e-13,4.354500318099571e-10,7.779814686143031e-14,9.770753551524767e-9,5.527823533492734e-13,1.4876122180189462e-9
7000000,1.2266797678574786e-8,5.440809484014981e-9,8.531823082055955e-13,3.811771948295036e-10,7.064196382133846e-14,9.536523635133502e-9,5.355422405254821e-13,1.4011309698851388e-9
7250000,1.181427078644928e-8,4.952373426429214e-9,7.498115535844029e-13,3.3499412950459527e-10,6.431476319116776e-14,9.310154934673896e-9,5.192972090332235e-13,1.3215833817965507e-9
7500000,1.1402029794374248e-8,4.519248020797247e-9,6.614271423123285e-13,2.955065292211304e-10,5.870159616955565e-14,9.091471846016264e-9,5.03960735968979e-13,1.248272785498692e-9
8000000,1.0675846129366984e-8,3.790080894209031e-9,5.200393363150303e-13,2.3233854419047833e-10,4.92464703065431e-14,8.676343525745925e-9,4.757170247903746e-13,1.1179809357502022e-9
8250000,1.035312743337052e-8,3.482356487040476e-9,4.63337278288191e-13,2.0700570358670672e-10,4.525413996524975e-14,8.479449987341022e-9,4.626820378693357e-13,1.0599785746384586e-9
8500000,1.0052741900647811e-8,3.206198516304457e-9,4.140470416348402e-13,1.8498425054049662e-10,4.167027998032237e-14,8.289355719528148e-9,4.5029780400457295e-13,1.0061530576448938e-9
8750000,9.771978712819367e-9,2.9577185894525852e-9,3.710455430234948e-13,1.6577242388106768e-10,3.844474195949541e-14,8.105819186362498e-9,4.385160715343465e-13,9.561255556433189e-10
9000000,9.508572128829322e-9,2.7335839315561095e-9,3.3340224923443244e-13,1.4895448826208387e-10,3.5534514607191416e-14,7.92859803006787e-9,4.272933869981981e-13,9.095581494823107e-10
9250000,9.260616254309456e-9,2.530927447893587e-9,3.0034248475403555e-13,1.3418434105536861e-10,3.290257380570803e-14,7.75745142571429e-9,4.16590487482389e-13,8.661487365120612e-10
9750000,8.80484150584173e-9,2.1804796892854627e-9,2.4548590627828833e-13,1.0967600737307773e-10,2.834989477279968e-14,7.432436845172847e-9,3.966049390858684e-13,7.877489140418273e-10
10000000,8.594469420585604e-9,2.028681600020694e-9,2.226861308238837e-13,9.948972670730672e-11,2.6377347032957667e-14,7.278109380993228e-9,3.8726046463464814e-13,7.522969319339354e-10
10500000,8.203644963019464e-9,1.7637837852821446e-9,1.8438924518368018e-13,8.237978514072501e-11,2.2934340463773858e-14,6.9847136815741655e-9,3.6973317014147823e-13,6.879013821728172e-10
11000000,7.847373978185638e-9,1.54187342367956e-9,1.5386356944767576e-13,6.874179553942011e-11,2.0049298186284925e-14,6.71028132448452e-9,3.5360025109561725e-13,6.310809688960556e-10
11500000,7.520538311633569e-9,1.3546848415303358e-9,1.2930651099314467e-13,5.7770411621896786e-11,1.761513113932082e-14,6.453261623106004e-9,3.3870137863974686e-13,5.807203429006951e-10
12000000,7.219114037136089e-9,1.1957722653749003e-9,1.0938237924409398e-13,4.8868885445750996e-11,1.5548276959789672e-14,6.212228336463869e-9,3.2489999366990283e-13,5.358981304633842e-10
12500000,6.939875640878315e-9,1.0600619243400678e-9,9.308967430054786e-14,4.1589775803138545e-11,1.3782924398888057e-14,5.985876387097699e-9,3.1207900266393274e-13,4.958484988663796e-10
13000000,6.680192374063059e-9,9.43525242891627e-10,7.966922543459762e-14,3.5593907155985374e-11,1.2266794760783773e-14,5.773015697190045e-9,3.00137397293947e-13,4.5993119698402173e-10
13500000,6.437885388408602e-9,8.429376265325616e-10,6.853970258927668e-14,3.0621558037667725e-11,1.0958025351971716e-14,5.572563491968143e-9,2.889875681399686e-13,4.276080236954646e-10
14000000,6.211125623117383e-9,7.55698514128533e-10,5.925175037976335e-14,2.6471969450465507e-11,9.82284263671286e-15,5.383535948526976e-9,2.7855314756431954e-13,3.984242128998991e-10
14500000,5.998359470475856e-9,6.796957973638201e-10,5.145497022566701e-14,2.2988593436619914e-11,8.833807842615461e-15,5.205039748040133e-9,2.68767261292586e-13,3.7199360887589983e-10
15000000,5.798253693407977e-9,6.132027184416679e-10,4.4873882729441186e-14,2.004835376379447e-11,7.968481990223536e-15,5.036263873593677e-9,2.5957109937494545e-13,3.479867852529865e-10
15500000,5.609653906734287e-9,5.547987837874848e-10,3.9290243238920065e-14,1.7553745029569284e-11,7.20840130893023e-15,4.8764718520232416e-9,2.509127393551262e-13,3.2612146584447853e-10
16000000,5.431552770655541e-9,5.033086045691597e-10,3.4529903095510126e-14,1.542696264689707e-11,6.538284503810972e-15,4.7249945434356965e-9,2.42746170490721e-13,3.061547572676248e-10
16500000,5.2630652498167884e-9,4.57754237603262e-10,3.0452957864252976e-14,1.3605501358051829e-11,5.9454147346817534e-15,4.5812235208187355e-9,2.350304796172628e-13,2.8787681644789996e-10
17000000,5.1034090924073025e-9,4.1731777807461165e-10,2.6946296059233757e-14,1.2038826220513828e-11,5.419154341089396e-15,4.444605043445177e-9,2.2772916798213714e-13,2.7110566119987734e-10
17500000,4.95188922362724e-9,3.8131179844892355e-10,2.3917917375905714e-14,1.068583415739866e-11,4.95056121521503e-15,4.314634604226739e-9,2.2080957494637445e-13,2.55682896526919e-10
18000000,4.8078851165752905e-9,3.491558370575504e-10,2.1292566805031767e-14,9.512903405758392e-12,4.532083584305933e-15,4.1908520176829916e-9,2.1424238945315664e-13,2.4147017842906585e-10
18500000,4.670840458789651e-9,3.20357583958644e-10,1.9008355435378277e-14,8.492383788897841e-12,4.157315699354034e-15,4.0728370083039e-9,2.080012340060226e-13,2.283462747290012e-10
19000000,4.540254611590473e-9,2.944977382932641e-10,1.701412692512657e-14,7.60142013192104e-12,3.820801147216127e-15,3.960205256453457e-9,2.020623088824958e-13,2.1620461155458703e-10
19500000,4.415675486437272e-9,2.7121775350014965e-10,1.5267391692454303e-14,6.821029317793385e-12,3.5178736342463837e-15,3.852604859004748e-9,1.964040866430335e-13,2.049512167421018e-10
20000000,4.296693553900534e-9,2.502098676554124e-10,1.3732696394187164e-14,6.135371817531989e-12,3.244527429826547e-15,3.749713163554176e-9,1.9100704883623806e-13,1.9450298909719562e-10
21000000,4.074066232794398e-9,2.139858165912335e-10,1.1185287204417085e-14,4.997263022142545e-12,2.7732420591600944e-15,3.5568948373413755e-9,1.809271613389982e-13,1.757354354264303e-10
22000000,3.869772314303739e-9,1.8410359896772182e-10,9.18588703617124e-15,4.103988817856143e-12,2.3845281414000787e-15,3.3796537328785938e-9,1.7169874149980377e-13,1.5940426953791353e-10
23000000,3.681634532600843e-9,1.5926072326109588e-10,7.600854160053926e-15,3.395841942774262e-12,2.0614277386299214e-15,3.2162085645889844e-9,1.632182144981403e-13,1.4511227461276453e-10
24000000,3.5078143921663447e-9,1.384602022021489e-10,6.3327933287761654e-15,2.8293090155312975e-12,1.7909592356597196e-15,3.0650378834858058e-9,1.5539834147399576e-13,1.325394541743734e-10
25000000,3.3467477390293624e-9,1.2093051275949617e-10,5.3097921247603096e-15,2.3722616465181064e-12,1.5630760264391324e-15,2.9248354725378876e-9,1.481651255951661e-13,1.214257920145134e-10
26000000,3.1970947653602924e-9,1.0606857264079569e-10,4.478112954098263e-15,2.000691432013971e-12,1.3699244858386912e-15,2.7944743022325124e-9,1.414553912606451e-13,1.1155831677728774e-10
27000000,3.0577007105441706e-9,9.339856699216583e-11,3.79715343234015e-15,1.6964584002225418e-12,1.205308098245561e-15,2.6729772730492967e-9,1.3521487242514624e-13,1.0276129169117316e-10
28000000,2.927564624634271e-9,8.254184918308e-11,3.235920826175574e-15,1.44571589371816e-12,1.0642956555106428e-15,2.559493355522356e-9,1.2939669003892052e-13,9.488869966572624e-11
29000000,2.8058142972605184e-9,7.319468302085089e-11,2.7705327292906847e-15,1.2377939436595386e-12,9.429314891217367e-16,2.4532780392162385e-9,1.2396012976556778e-13,8.781843269538215e-11
30000000,2.691685960644732e-9,6.511160685387334e-11,2.3824233057901483e-15,1.064397871197636e-12,8.380188681568589e-16,2.3536772359871452e-9,1.1886965350210515e-13,8.144775962956325e-11
31000000,2.5845077299315663e-9,5.809287520183993e-11,2.057041094777282e-15,9.190265042008676e-13,7.469564719498349e-16,2.2601139647040846e-9,1.1409409446023976e-13,7.568976199164384e-11
32000000,2.4836859975573548e-9,5.1974889922815694e-11,1.7828935260509976e-15,7.965452944859187e-13,6.676137808043867e-16,2.172077285849233e-9,1.0960599748431436e-13,7.04705094389163e-11
33500000,2.343235929789022e-9,4.4198367761997786e-11,1.4482490631975664e-15,6.470358210839473e-13,5.668179572568348e-16,2.0494048082654962e-9,1.0336046814394742e-13,6.35160160819741e-11
35000000,2.2143744979484323e-9,3.7788373334717385e-11,1.185146411957658e-15,5.294891612583823e-13,4.837949152912766e-16,1.9368242296249017e-9,9.763681153494005e-14,5.7456395226740915e-11
37000000,2.058357013861216e-9,3.089920052695518e-11,9.167003471543872e-16,4.095552186993296e-13,3.9464747721758245e-16,1.8004850679831002e-9,9.071498316177913e-14,5.0526856844165274e-11
38500000,1.9517830099338504e-9,2.670987415118453e-11,7.615405002966622e-16,3.4023428388084653e-13,3.404919346487477e-16,1.707334505336051e-9,8.599158390858284e-14,4.6047308264324164e-11
40000000,1.8531310852881496e-9,2.318455748961387e-11,6.362396440532671e-16,2.8425348302124554e-13,2.9496275036081833e-16,1.62109623327008e-9,8.162264243459531e-14,4.208290701757882e-11
41500000,1.761611950515605e-9,2.02025720932923e-11,5.3436805480785705e-16,2.387402014541932e-13,2.564892202402593e-16,1.5410838911027273e-9,7.757235884379057e-14,3.856066844317553e-11
43000000,1.676538033137557e-9,1.7668002247954884e-11,4.51025317052764e-16,2.015050751730209e-13,2.2382314398250303e-16,1.4666990730744658e-9,7.380962279835786e-14,3.541990593947329e-11
45000000,1.5721019643928523e-9,1.48540016817957e-11,3.6233717865389643e-16,1.618817783882677e-13,1.8760356362080061e-16,1.3753760901263866e-9,6.919344112554787e-14,3.173904123342702e-11
47000000,1.4768295180063412e-9,1.2558102614907045e-11,2.9329734011698727e-16,1.3103677406518314e-13,1.5810076046570259e-16,1.2920585040020598e-9,6.498499809698402e-14,2.8548146975071792e-11
48500000,1.410752851938425e-9,1.1110127898662585e-11,2.5145442499252664e-16,1.1234256901986774e-13,1.39522555029309e-16,1.2342692968180942e-9,6.206766414077498e-14,2.6428204513718736e-11
50000000,1.3488537392975089e-9,9.85627229014181e-12,2.1638375757274613e-16,9.667400850319903e-14,1.2345722271562625e-16,1.180131017112291e-9,5.933581429060108e-14,2.451122637480437e-11
52000000,1.2722311645055418e-9,8.435917676749602e-12,1.780782862154051e-16,7.956023108636282e-14,1.0528928252296889e-16,1.1131119625178101e-9,5.595551151996346e-14,2.223037307047824e-11
54000000,1.2017101833142074e-9,7.2518427402150914e-12,1.474132779545194e-16,6.585999174022382e-14,9.017473254199388e-17,1.051426746409048e-9,5.284566431784874e-14,2.0220981380674424e-11
56000000,1.1366668023169813e-9,6.259597502447906e-12,1.2269881657824736e-16,5.481828474685828e-14,7.753640492689205e-17,9.945304618662186e-10,4.997841512844098e-14,1.8443874282229783e-11
58000000,1.0765561659509804e-9,5.424051146971776e-12,1.0265445013157894e-16,4.5863041183094024e-14,6.69183882388714e-17,9.41947187527611e-10,4.7329473935418266e-14,1.6866510924439472e-11
60000000,1.0209003417781433e-9,4.71723902985382e-12,8.630155812693062e-17,3.855704170123464e-14,5.795799146104684e-17,8.932593683181937e-10,4.4877561211597875e-14,1.5461697420397946e-11
62500000,9.569585523198186e-10,3.981045978414686e-12,6.99196404132769e-17,3.123807437155399e-14,4.86516232840363e-17,8.37321303613912e-10,4.206143188341762e-14,1.3913859096364058e-11
65000000,8.986062035800199e-10,3.376815403361851e-12,5.702640301643638e-17,2.5477748570219823e-14,4.103896726575652e-17,7.862715823553478e-10,3.949221396138511e-14,1.2563157733505014e-11
67500000,8.452252906826644e-10,2.877967005862528e-12,4.6801961837984916e-17,2.0909763780077846e-14,3.4776154498668273e-17,7.395699975234183e-10,3.714248387631133e-14,1.1379384317746353e-11
70000000,7.962805207114112e-10,2.4638442719001037e-12,3.8636452094162177e-17,1.726165004334375e-14,2.959625628511153e-17,6.967485799373778e-10,3.498851166943015e-14,1.0337715690716883e-11
72500000,7.513061844985755e-10,2.1182704082277744e-12,3.207195405960596e-17,1.4328822062488633e-14,2.5290493624563965e-17,6.574001475928899e-10,3.3009669941174313e-14,9.41762227369207e-12
75000000,7.09895469621677e-10,1.8284858948522297e-12,2.6761618976397167e-17,1.1956317837829473e-14,2.169441611812375e-17,6.211689803285348e-10,3.118795374766266e-14,8.602023587583137e-12
80000000,6.363810351577604e-10,1.3777946820151154e-12,1.890499449084669e-17,8.446205106437417e-15,1.6136139287819124e-17,5.568482603704322e-10,2.7954699775015052e-14,7.229422337745389e-12
82500000,6.036865361984384e-10,1.202285832161076e-12,1.5996899686345618e-17,7.146952403683467e-15,1.3986464081206892e-17,5.282420353101551e-10,2.6517055002687634e-14,6.6502460107155e-12
85000000,5.733630130478189e-10,1.052573725694446e-12,1.3593010183296057e-17,6.0729640560116905e-15,1.2161281153948483e-17,5.017100467124033e-10,2.5183826670302314e-14,6.130478697404555e-12
87500000,5.451928206558121e-10,9.243856718841106e-13,1.1596507077617227e-17,5.180984175543208e-15,1.0605993304537662e-17,4.770619269292813e-10,2.3945408414604707e-14,5.662769452412093e-12
90000000,5.189822492984902e-10,8.142329126603571e-13,9.930890448683496e-18,4.43683480890475e-15,9.276112736111547e-18,4.5412823730817327e-10,2.279325365400926e-14,5.2408254648801005e-12
92500000,4.945584644036228e-10,7.192533067141109e-13,8.53536668625776e-18,3.813355128227673e-15,8.135221782802058e-18,4.327577936497444e-10,2.1719739512715072e-14,4.859239068113895e-12
97500000,4.504689890055312e-10,5.657855530287404e-13,6.3698512457507944e-18,2.8458654217093893e-15,6.3058606542272625e-18,3.941798037968322e-10,1.978208039519517e-14,4.199110869333399e-12
100000000,4.305402976462456e-10,5.037231490643497e-13,5.529348503342188e-18,2.470353090386394e-15,5.572177457385977e-18,3.7674218631163155e-10,1.890634424996185e-14,3.9130279316939825e-12
105000000,3.9435347807323277e-10,4.0212578116562597e-13,4.203922245617375e-18,1.878190948703581e-15,4.3809225217092635e-18,3.450784681536165e-10,1.7316319682149686e-14,3.4134947276147455e-12
